[
    {
        "nombre": "Vodka Tonic",
        "section": "Vodka",
        "descripcion": "El Vodka Tonic es una bebida refrescante que mezcla vodka con agua tónica, destacando por su simplicidad y equilibrio.",
        "precio": 9,
        "imagen": "VodkaTonic.jpg"
    },
    {
        "nombre": "Caipiroska",
        "section": "Vodka",
        "descripcion": "La Caipiroska es una versión deliciosa y refrescante de la Caipirinha, utilizando vodka, con lima, azúcar y hielo.",
        "precio": 10,
        "imagen": "Caipiroska.png"
    },
    {
        "nombre": "Cosmopolitan",
        "section": "Vodka",
        "descripcion": "El Cosmopolitan es un cóctel clásico que combina vodka, triple sec, arándano y jugo de limón, creando una bebida elegante y equilibrada.",
        "precio": 9,
        "imagen": "Cosmopolitan.jpg"
    },
    {
        "nombre": "Destornillador",
        "section": "Vodka",
        "descripcion": "El Destornillador es un cóctel sencillo que mezcla vodka con jugo de naranja, ofreciendo una bebida refrescante y fácil de disfrutar.",
        "precio": 10,
        "imagen": "Destornillador.jpg"
    },
    {
        "nombre": "Sex on the Beach",
        "section": "Vodka",
        "descripcion": "Sex on the Beach es un cóctel tropical que combina vodka, licor de durazno, jugo de arándano y jugo de naranja, creando una bebida colorida y sabrosa con un toque frutal.",
        "precio": 9,
        "imagen": "SexOnTheBeach.jpg"
    },
    {
        "nombre": "Vodka Sunrise",
        "section": "Vodka",
        "descripcion": "El Vodka Sunrise es una mezcla de vodka, jugo de naranja y grenadina, creando un cóctel colorido y refrescante.",
        "precio": 13,
        "imagen": "VodkaSunrise.jpg"
    },
    {
        "nombre": "Caipirinha",
        "section": "Ron",
        "descripcion": "La Caipirinha es un cóctel brasileño clásico que combina cachaça, azúcar y lima, creando una bebida refrescante y ligeramente dulce.",
        "precio": 7,
        "imagen": "Caipirinha.jpg"
    },
    {
        "nombre": "Corazonada",
        "section": "Ron",
        "descripcion": "Corazonada es un cóctel con base de ron añejo, anís, sirope de fresa y zumo de fresa, de limón y de naranja.",
        "precio": 7,
        "imagen": "Corazonada.jpg"
    },
    {
        "nombre": "Cuba Libre",
        "section": "Ron",
        "descripcion": "El \"Cuba Libre\" es un cóctel clásico que generalmente se prepara con ron, cola y limón.",
        "precio": 10,
        "imagen": "CubaLibre.jpg"
    },
    {
        "nombre": "Daikiri Clasico",
        "section": "Ron",
        "descripcion": "El Daiquiri clásico es un cóctel refrescante compuesto por ron blanco, azúcar y jugo de limón.",
        "precio": 7,
        "imagen": "DaikiriClasico.jpeg"
    },
    {
        "nombre": "Mojito Clasico",
        "section": "Ron",
        "descripcion": "El Mojito clásico es un cóctel cubano que combina ron blanco, azúcar, jugo de limón, menta y soda.",
        "precio": 7,
        "imagen": "MojitoClasico.jpg"
    },
    {
        "nombre": "Mojito Frutilla",
        "section": "Ron",
        "descripcion": "El Mojito de fresa es una variante del clásico cóctel cubano que incorpora fresas frescas a la mezcla tradicional de ron blanco, azúcar, jugo de limón, menta y soda.",
        "precio": 15,
        "imagen": "MojitoFrutilla.jpg"
    },
    {
        "nombre": "Piña Colada",
        "section": "Ron",
        "descripcion": "La Piña Colada es un cóctel tropical que combina ron blanco, crema de coco y jugo de piña.",
        "precio": 5,
        "imagen": "PiñaColada.jpg"
    },
    {
        "nombre": "Pitufo",
        "section": "Ron",
        "descripcion": "Este cóctel suele estar compuesto por ron, curaçao azul, jugo de limón o lima, y azúcar o jarabe.",
        "precio": 12,
        "imagen": "Pitufo.jpg"
    },
    {
        "nombre": "Margarita Blue",
        "section": "Tequila",
        "descripcion": "La Margarita Blue es una variante fresca y colorida del clásico cóctel Margarita, con tequila, licor de naranja, jugo de lima y curaçao azul.",
        "precio": 10,
        "imagen": "MargaritaBlue.jpeg"
    },
    {
        "nombre": "Margarita Clasico",
        "section": "Tequila",
        "descripcion": "La Margarita clásica es una mezcla refrescante de tequila, triple sec y jugo de lima, servida en un vaso escarchado con sal.",
        "precio": 10,
        "imagen": "MargaritaClasico.jpg"
    },
    {
        "nombre": "Margarita Frutilla",
        "section": "Tequila",
        "descripcion": "La Margarita de fresa combina tequila, licor de naranja, puré de fresas y jugo de lima, creando una variante dulce y refrescante del clásico.",
        "precio": 16,
        "imagen": "MargaritaFrutilla.jpg"
    },
    {
        "nombre": "Martini",
        "section": "Tequila",
        "descripcion": "El Martini es un elegante cóctel que generalmente se elabora con ginebra y vermut seco, decorado con una aceituna o piel de limón.",
        "precio": 10,
        "imagen": "Martini.jpg"
    },
    {
        "nombre": "Martini Frutilla",
        "section": "Tequila",
        "descripcion": "El Martini de fresa es una versión afrutada del clásico Martini, destacando por su toque dulce y refrescante con la adición de puré o licor de fresa.",
        "precio": 11,
        "imagen": "MartiniFrutilla.jpg"
    },
    {
        "nombre": "Tequila Sunrise",
        "section": "Tequila",
        "descripcion": "El Tequila Sunrise es un cóctel refrescante con tequila, jugo de naranja y un toque de grenadina, destacando por su atractiva apariencia degradada.",
        "precio": 10,
        "imagen": "TequilaSunrise.jpeg"
    },
    {
        "nombre": "Padrino",
        "section": "Whisky",
        "descripcion": "El Padrino es un cóctel clásico que combina whisky y amaretto para crear una mezcla equilibrada y suave.",
        "precio": 6,
        "imagen": "Padrino.jpg"
    },
    {
        "nombre": "Whisky on the Rocks",
        "section": "Whisky",
        "descripcion": "Whisky on the Rocks es un cóctel simple y clásico que consiste en servir whisky directamente sobre hielo.",
        "precio": 12,
        "imagen": "WhiskyOnTheRocks.jpg"
    },
    {
        "nombre": "Gin Tonic",
        "section": "Gin",
        "descripcion": "Gin Tonic es un refrescante cóctel que combina ginebra y agua tónica, servido sobre hielo y adornado con rodajas de limón o enebro.",
        "precio": 16,
        "imagen": "GinTonic.jpg"
    },
    {
        "nombre": "Gin Tonic Frutos Rojos",
        "section": "Gin",
        "descripcion": "Gin Tonic de frutos rojos es una variante del clásico cóctel, que incorpora ginebra, agua tónica y una mezcla de frutos rojos para un toque fresco y afrutado.",
        "precio": 16,
        "imagen": "GinTonicFrutosRojos.jpg"
    },
    {
        "nombre": "Sangria",
        "section": "Vino",
        "descripcion": "La sangría es una bebida española a base de vino tinto y frutas, ideal para disfrutar en compañía.",
        "precio": 16,
        "imagen": "Sangria.jpg"
    },
    {
        "nombre": "Tinto de Verano",
        "section": "Vino",
        "descripcion": "El tinto de verano es una refrescante bebida española elaborada con vino tinto y soda, perfecta para días calurosos.",
        "precio": 16,
        "imagen": "TintoDeVerano.jpg"
    }
]